id,firstname,lastname,email,gender,ipaddress
1,Gerrard,Ransom,gransom0@eventbrite.com,Bigender,244.117.149.177
2,Nehemiah,Claiden,nclaiden1@youtu.be,Female,46.235.37.137
3,Ivy,Huxtable,ihuxtable2@unesco.org,Polygender,78.158.189.187
4,Connor,Torald,ctorald3@amazon.com,Female,48.119.155.240
5,Michale,Agott,magott4@plala.or.jp,Female,230.179.94.170
6,Fionna,Slessar,fslessar5@skyrock.com,Genderqueer,6.145.18.83
7,Aviva,Domingues,adomingues6@redcross.org,Bigender,91.204.9.48
8,Hollyanne,Surgenor,hsurgenor7@about.com,Non-binary,236.204.15.174
9,Hilarius,Darrow,hdarrow8@alibaba.com,Female,59.195.34.245
10,Ignacio,Plunkett,iplunkett9@omniture.com,Bigender,39.118.121.243
11,Caresse,Hobden,chobdena@spotify.com,Genderfluid,133.68.226.168
12,Vail,Bolter,vbolterb@cpanel.net,Non-binary,66.0.38.237
13,Darcee,Murt,dmurtc@lycos.com,Agender,68.230.108.123
14,Inessa,Kenwrick,ikenwrickd@taobao.com,Non-binary,103.96.157.155
15,Jimmy,Copeman,jcopemane@ftc.gov,Female,150.12.50.110
16,Ave,Lesser,alesserf@sakura.ne.jp,Male,75.76.94.240
17,Minette,Christol,mchristolg@hhs.gov,Male,42.163.239.176
18,Beaufort,Dumke,bdumkeh@jugem.jp,Polygender,110.106.26.147
19,Shea,Steade,ssteadei@timesonline.co.uk,Agender,103.177.96.90
20,Meredeth,Tonkes,mtonkesj@springer.com,Genderqueer,68.81.196.215
21,Cyrill,Huguenet,chuguenetk@reverbnation.com,Genderfluid,215.181.151.71
22,Aubry,Glew,aglewl@github.io,Non-binary,170.170.215.158
23,Ignacius,Lapwood,ilapwoodm@nbcnews.com,Male,240.122.214.200
24,Tod,Pettegre,tpettegren@livejournal.com,Female,0.86.223.86
25,Marketa,Scamp,mscampo@vinaora.com,Polygender,254.43.61.85
26,Diandra,Harsent,dharsentp@sourceforge.net,Female,14.241.160.150
27,Jeni,Cumo,jcumoq@newyorker.com,Agender,181.211.250.28
28,Ardis,Zuppa,azuppar@plala.or.jp,Polygender,72.151.68.211
29,Opal,Temby,otembys@exblog.jp,Polygender,208.126.58.228
30,Estel,Decayette,edecayettet@over-blog.com,Polygender,58.2.88.233
31,Norine,McCue,nmccueu@baidu.com,Polygender,160.30.86.206
32,Melesa,Philson,mphilsonv@exblog.jp,Male,22.36.240.124
33,Silvester,Godrich,sgodrichw@wiley.com,Female,67.128.90.30
34,Maye,Tooting,mtootingx@github.io,Agender,113.50.251.213
35,Loreen,Dickings,ldickingsy@auda.org.au,Non-binary,152.165.208.100
36,Munmro,Macrae,mmacraez@a8.net,Polygender,124.231.101.224
37,Elvis,Bouzan,ebouzan10@slashdot.org,Male,141.135.70.185
38,Pedro,Mutimer,pmutimer11@wikipedia.org,Genderqueer,121.83.185.32
39,Murdock,Paragreen,mparagreen12@auda.org.au,Male,83.202.217.2
40,Bev,Bockings,bbockings13@quantcast.com,Bigender,150.25.51.145
41,Wendeline,Willavoys,wwillavoys14@163.com,Female,77.89.87.93
42,Ginni,Brood,gbrood15@clickbank.net,Polygender,204.68.247.182
43,Charline,Pinar,cpinar16@psu.edu,Female,254.243.109.124
44,Guenevere,Thurling,gthurling17@mail.ru,Polygender,248.147.129.105
45,Roderic,Menico,rmenico18@webmd.com,Polygender,92.1.162.157
46,Irvine,MacFarlan,imacfarlan19@comcast.net,Agender,117.226.216.218
47,Olimpia,Daulby,odaulby1a@imageshack.us,Non-binary,4.77.18.209
48,Daniella,Westmore,dwestmore1b@tuttocitta.it,Genderqueer,118.102.199.203
49,Ninnette,Chaplain,nchaplain1c@g.co,Genderfluid,215.21.207.102
50,Valaree,Kaspar,vkaspar1d@multiply.com,Genderfluid,35.168.144.12
