id,first_name,last_name,email,gender,ip_address
1,Mack,Linstead,mlinstead0@goodreads.com,Male,171.158.42.155
2,Lindsy,Nursey,lnursey1@hud.gov,Male,181.38.212.236
3,Pippa,Hastler,phastler2@businessweek.com,Female,239.48.149.24
4,Brian,Lewknor,blewknor3@about.com,Female,58.155.29.68
5,Herb,Poletto,hpoletto4@cpanel.net,Genderfluid,194.247.139.52
6,Barty,Spandley,bspandley5@princeton.edu,Polygender,202.125.11.248
7,Reinold,McIlory,rmcilory6@feedburner.com,Non-binary,168.0.147.162
8,Molly,Bermingham,mbermingham7@dot.gov,Male,107.26.13.203
9,Ferdy,Sankey,fsankey8@europa.eu,Non-binary,157.185.244.32
10,Martelle,Havers,mhavers9@nhs.uk,Genderfluid,255.96.18.51
11,Tove,Hansel,thansela@deviantart.com,Genderfluid,156.83.51.147
12,Herc,Danieli,hdanielib@thetimes.co.uk,Genderfluid,19.82.78.88
13,Hyacintha,Claffey,hclaffeyc@stanford.edu,Genderqueer,87.206.24.234
14,Danika,Piscopo,dpiscopod@edublogs.org,Genderqueer,58.96.135.33
15,Elie,Dimitriades,edimitriadese@miitbeian.gov.cn,Male,183.234.222.212
16,Abagael,Yuryaev,ayuryaevf@devhub.com,Bigender,211.201.234.167
17,Nancie,Lowater,nlowaterg@hugedomains.com,Genderfluid,189.49.32.254
18,Melisent,Burg,mburgh@mapquest.com,Non-binary,87.109.2.143
19,Eugene,Danielski,edanielskii@quantcast.com,Genderqueer,44.9.123.149
20,Mikkel,Dalgardno,mdalgardnoj@samsung.com,Female,202.19.53.38
21,Cairistiona,Lounds,cloundsk@newyorker.com,Genderqueer,72.4.170.251
22,Elberta,Wiley,ewileyl@addthis.com,Genderqueer,53.230.231.187
23,Yul,Stuart,ystuartm@washingtonpost.com,Male,142.8.7.58
24,Mack,Vogeller,mvogellern@yahoo.com,Bigender,241.119.86.83
25,Kellen,Pitts,kpittso@huffingtonpost.com,Non-binary,54.14.201.174
26,Godfrey,Philipeau,gphilipeaup@imageshack.us,Female,191.6.81.39
27,Lu,McDuffie,lmcduffieq@tmall.com,Genderqueer,101.248.243.96
28,Maren,Dartnell,mdartnellr@umn.edu,Male,229.163.238.15
29,Brandie,Vassano,bvassanos@stumbleupon.com,Polygender,112.168.193.124
30,Angela,Gentile,agentilet@bizjournals.com,Male,208.219.96.180
31,Anabella,Rousell,arousellu@un.org,Genderfluid,232.230.172.84
32,Rebeca,Blythe,rblythev@go.com,Agender,38.94.40.164
33,Bernadene,Wraight,bwraightw@bbb.org,Non-binary,98.71.83.129
34,Lani,Probbing,lprobbingx@list-manage.com,Non-binary,213.166.24.157
35,Emmalynn,Cowburn,ecowburny@earthlink.net,Genderfluid,128.180.58.170
36,Kinsley,McNiff,kmcniffz@tinyurl.com,Polygender,25.189.40.239
37,Bernhard,Cluderay,bcluderay10@blinklist.com,Agender,191.51.201.14
38,Dynah,Awcock,dawcock11@dedecms.com,Agender,9.25.47.71
39,Cesare,Jarrel,cjarrel12@flavors.me,Genderfluid,164.144.219.122
40,Sibyl,Egle,segle13@mysql.com,Non-binary,247.90.57.106
41,Brandice,Evershed,bevershed14@shareasale.com,Genderfluid,23.126.38.226
42,Mirilla,Precious,mprecious15@examiner.com,Non-binary,160.245.183.164
43,Farr,Stit,fstit16@ustream.tv,Male,98.175.60.81
44,Roman,Lumly,rlumly17@nytimes.com,Polygender,217.121.253.139
45,Milo,Isac,misac18@mit.edu,Polygender,156.230.93.238
46,Allie,Creigan,acreigan19@pen.io,Agender,171.200.42.194
47,Sharai,Foad,sfoad1a@lycos.com,Non-binary,55.31.55.18
48,Ardene,Twyford,atwyford1b@woothemes.com,Agender,23.65.187.32
49,Hertha,Smerdon,hsmerdon1c@desdev.cn,Agender,157.17.12.125
50,Teena,Lempke,tlempke1d@usda.gov,Male,136.195.52.61
